Rider Type,proportion
MEMBER,88.99745657441694
CASUAL,11.002543425583061
